Order ID,Date,Customer,Sales Rep,Product Line,Qty,Unit Price,Amount,Status,notes 2
1001,2026-04-02,Brightside Dental,Emma,Consumables,20,12.50,250.00,Paid,
1002,04/03/2026,Hartley Roofing Ltd,James,Equipment,1,1850,"$1,850.00",Paid,
1003,2026-04-05,brightside dental,Emma,Consumables,10,12.50,125.00,Paid,repeat order
1004,5 Apr 2026,Oakwood Law LLP,Olivia,Software,3,99,297,Paid,
1005,2026-04-08,Northfield Accounting,James,Software,5,99.00,495.00,Pending,chase
1006,2026-04-08,Northfield Accounting,James,Software,5,99.00,495.00,Pending,chase
1007,2026/04/11,Hartley Roofing,James,Consumables,40,8.75,350.00,Paid,
1008,2026-04-14,Greenleaf Home Store,Emma,Equipment,2,640,1280,Paid,
1009,2026-04-15,Brightside Dental Clinic,Emma,Equipment,1,2400.00,2400.00,Paid,new chair unit
1010,04/18/2026,Test Customer,,Consumables,1,0,0,Paid,test order ignore
1011,2026-04-21,Oakwood Law LLP,Olivia,Software,3,99,,Paid,amount missing
1012,2026-04-24,Greenleaf Home Store,emma,Consumables,60,8.75,525.00,Paid,
1013,2026-04-29,Pinecrest Marketing,Olivia,Software,10,99.00,990.00,Paid,
1014,2026-05-02,Hartley Roofing Ltd,James,Equipment,1,1850,1850,Refunded,returned damaged
1015,2026-05-02,Hartley Roofing Ltd,James,Equipment,1,1850,-1850,Refund,
1016,3 May 2026,Northfield Accounting,James,Consumables,15,12.50,187.50,Paid,
1017,2026-05-07,Riverside Physio,Emma,Equipment,1,980,980,Paid,
1018,2026-05-09,Pinecrest Marketing Agency,Olivia,Software,2,99,198,Paid,
1019,05/12/2026,Brightside Dental,Emma,Consumables,30,12.5,375,Paid,
1020,2026-05-15,Greenleaf Home Store,Emma,Equipment,1,640,640,Cancelled,
1021,2026-05-18,Oakwood Law LLP,Olivia,Software,5,99.00,495.00,Paid,annual upgrade
1022,2026-05-21,Riverside Physio,Emma,Consumables,25,8.75,218.75,Paid,
1023,2026-05-26,Hartley Roofing Ltd,James,Consumables,80,8.75,700.00,Paid,
1024,2026-06-01,Northfield Accounting,James,Software,5,99.00,495.00,Paid,
1025,2026-06-04,Pinecrest Marketing,Olivia,Equipment,1,1850,1850.00,Paid,
1026,06/07/2026,Greenleaf Home Store,Emma,Consumables,45,8.75,393.75,Paid,
1027,2026-06-10,Brightside Dental,Emma,Software,2,99,198,Paid,
1028,2026-06-15,Riverside Physio,Emma,Equipment,2,980,1960,Pending,
1029,2026-06-19,Oakwood Law LLP,Olivia,Consumables,12,12.50,150.00,Paid,
1030,2026-06-26,Hartley Roofing Ltd,James,Software,4,99.00,396.00,Paid,
