"NOTE: One row per agent, skill or routine. Fill the white columns (A to K). Columns L to Q are formulas. Formulas below assume data starts on row 8; copy them down."
"NOTE: L Monthly time value = C * D. M Total monthly gain = L + E + F + G. N Total monthly cost = H + I + J."
"NOTE: O Net monthly gain = M - N. P Payback months = IF(O>0, K / O, ""No payback""). Q Annual ROI % = IF((K + N*12)>0, (O*12 - K) / (K + N*12), 0) formatted as percent."
"NOTE: Hard gains (cash) go in E and F. Soft gains (time absorbed, not reinvested) should be flagged in column R so they are never mixed with cash in board summaries."
"NOTE: Supervision cost (J) = weekly supervision minutes / 60 * hourly cost * 4.33. Use the Cost per Agent worksheet to calculate H, I and J."
"NOTE: Example rows are illustrative. Replace them with your own numbers. Be conservative: round gains down and costs up."
A Agent or routine,B Owner,C Hours saved per month,D Value per hour (USD),E Errors avoided per month (USD),F Extra revenue per month (USD),G Other gain per month (USD),H Software share per month (USD),I Usage and API cost per month (USD),J Supervision cost per month (USD),K One-off build cost (USD),L Monthly time value (USD),M Total monthly gain (USD),N Total monthly cost (USD),O Net monthly gain (USD),P Payback months,Q Annual ROI %,R Gain type (hard/soft/mixed),S Rework rate %,T Decision (keep/fix/kill),U Notes
Weekly client report routine,Operations manager,12,45,0,0,0,40,15,65,600,=C8*D8,=L8+E8+F8+G8,=H8+I8+J8,=M8-N8,"=IF(O8>0,K8/O8,""No payback"")","=IF((K8+N8*12)>0,(O8*12-K8)/(K8+N8*12),0)",soft,6,keep,Hours reinvested in two extra client calls per week
Quote preparation skill,Estimator,33,38,150,0,0,40,20,95,900,=C9*D9,=L9+E9+F9+G9,=H9+I9+J9,=M9-N9,"=IF(O9>0,K9/O9,""No payback"")","=IF((K9+N9*12)>0,(O9*12-K9)/(K9+N9*12),0)",mixed,9,keep,Pricing errors down; faster callbacks
Lead follow-up routine,Sales lead,8,40,0,400,0,30,25,40,500,=C10*D10,=L10+E10+F10+G10,=H10+I10+J10,=M10-N10,"=IF(O10>0,K10/O10,""No payback"")","=IF((K10+N10*12)>0,(O10*12-K10)/(K10+N10*12),0)",hard,12,keep,Revenue estimate from one extra closed job per month at 10% margin
Social caption generator,Marketing assistant,3,30,0,0,0,20,10,160,400,=C11*D11,=L11+E11+F11+G11,=H11+I11+J11,=M11-N11,"=IF(O11>0,K11/O11,""No payback"")","=IF((K11+N11*12)>0,(O11*12-K11)/(K11+N11*12),0)",soft,40,kill,Rework too high; supervision exceeds savings
Month-end checklist runner,Finance,6,55,100,0,0,20,5,35,300,=C12*D12,=L12+E12+F12+G12,=H12+I12+J12,=M12-N12,"=IF(O12>0,K12/O12,""No payback"")","=IF((K12+N12*12)>0,(O12*12-K12)/(K12+N12*12),0)",mixed,4,keep,No missed reconciliations since launch
TOTAL,,=SUM(C8:C12),,=SUM(E8:E12),=SUM(F8:F12),=SUM(G8:G12),=SUM(H8:H12),=SUM(I8:I12),=SUM(J8:J12),=SUM(K8:K12),=SUM(L8:L12),=SUM(M8:M12),=SUM(N8:N12),=SUM(O8:O12),"=IF(O13>0,K13/O13,""No payback"")","=IF((K13+N13*12)>0,(O13*12-K13)/(K13+N13*12),0)",,,,Portfolio view for your partner summary
